Libros, Revistas y Comics;Comics;Libros;Libros escolares;Lotes de Libros y Revistas;Revistas
Trabajos;Fontanería;Cristalería;Agricultura;Jardinería;Tecnologías;Comunicaciones;Informática;Mecánica;Derecho;Abogados;Electricidad;Albañilería;Electrónica;Hogar;Cuidado de niños;Cuidado de ancianos;Geriatría;Mantenimiento;Pintor;Artista;Decoración;Carpintería;Arreglos de ropa/Textil;
Arte y Antigüedades;Antigüedades rústicas;Aparatos y máquinas antiguas;Arqueología y Fósiles;Arte étnico/Artesanía de mundo;Arte digital y foto artística;Artesanía y Manualidades;Artículos religiosos;Cerámica y porcelana;Directamente del artista;Esculturas y tallas;Forjados: hierro, bronce...;Litografías y Grabados;Material de bellas artes;Muebles antiguos y decoración;Objetos antiguos, Juguetes;Pinturas;Otros objetos arte/antigüedad
Bebés;Accesorios para baño;Alimentación del bebé;Andadores/Correpasillos;Carritos;Cuna / Minicuna / Capazo;Juguetes y juegos;Libros de bebé y premamá;Maternidad y premamá;Mobiliario y decoración bebés;Pañales y limpieza;Ropa, calzado y complementos;Ropa de cuna;Seguridad;Sillas para el coche;Otros
Belleza y Salud;Afeitado y depilación;Bronceado;Colonia;Cuidado bucal;Cuidado de la salud;Cuidado del cabello;Cuidado del rostro;Dietas y control de peso;Ducha y baño;Gafas y Lentillas;Leche corporal;Manicura y pedicura;Maquillaje;Masajes;Miniaturas de Perfumes;Ortopedia;Perfumes Mujer;Perfumes Hombre;Perfumería Unisex;Perfumes niños;Productos profesionales;Suplementos dietarios;Tatuajes y arte corporal;Otros
Casa, Jardín y Bricolaje;Alfombras y moquetas;Artículos para animales;Baño;Chimeneas y accesorios;Cocina, comedor y bar;Cortinas y estores;Decoración para el hogar;Decoración para bodas;Fiestas y ocasiones especiales;Herramientas de bricolaje;Iluminación;Muebles;Muebles y decoración infantil;Relojes y despertadores;Ropa de cama;Sauna, Spa;Seguridad del hogar;Soluciones de almacenamiento;Terraza y jardín;Vinos y gastronomía;Otros
Cine, DVD y Películas;Películas en DVD y Blu-ray;Películas en VHS;Películas UMD;Cine;Lotes de cine, DVD y películas;Otros formatos
Coches, Motos y Otros Vehíc.;Coches;Coches de época;Motos;Minimotos y Pocket Bikes;Quads,Karting, Buggy;Scooters;Barcos;Aviones;Veh.industriales y comerciales;Caravanas y Remolques;Otros vehículos
Coleccionismo;Acciones y Papeles;Adornos y Platos Decorativos;Anuncios;Artículos de bebidas;Artículos de Disney;Artículos de Escritorio;Artículos militares;Banderas;Botellas y Sifones;Botones de colección;Calendarios;Cartas y Naipes;Carteles y Pósters;Coleccionismo Deportivo;Cromos;Dibujos Animados;Imanes;Juegos de cartas: Magic;Juegos de cartas: Yu-Gi-OH;Llaveros, Pins y Pegatinas;Loterías y Periódicos;Minerales, Conchas y Fósiles;Navidad, ocasiones especiales;Objetos Insólitos;Perfumes y Dedales;Postales;Recuerdos y Souvenirs;Sobres de azúcar;Tabacofilia;Tarjetas Telefónicas;Tauromaquia y Fotografía;Transportes;Otras Colecciones
Consolas y Videojuegos;Consolas;Videojuegos;Accesorios;Máquinas recreativas;Merchandising para juegos;Repuestos y herramientas;Guías de juegos y trucos;Tarjetas de acceso;Otros
Cámaras y Fotografía;Cámaras de vídeo;Cámaras digitales;Accesorios cámaras/fotografía;Fotografía analógica;Flashes y accesorios;Lentes y filtros;Trípodes y soportes;Iluminación y estudio;Marcos digitales;Manuales y guías;Piezas/respuesto/herramientas;Telescopios y prismáticos;Fotografía vintage;Otros
Deportes;Baloncesto;Camping;Caza;Ciclismo;Escalada/Trekking;Mochilas;Fitness, Running y Yoga;Fórmula 1 y Motociclismo;Fútbol;Golf;Montaña;Esquí;Náuticos;Pádel y Tenis;Patinaje;Pesca;Protección en el deporte;Recreativos (dardos, ...);Submarinismo;Coleccionismo deportivo;Trofeos;Otros deportes
Electrodomésticos;Aspiración y limpieza;Cafeteras;Calefacción y refrigeración;Cocina: Electrodomésticos peq.;Cuidado personal y belleza;Frigoríficos y congeladores;Lavadoras y secadoras;Lavavajillas;Lavavajillas: Accesorios;Placas, hornos y campanas;Planchado y costura;Otros
Entradas y eventos;Arte, teatro y musicales;Conciertos y festivales;Deportes
Equipamiento y Maquinaria;Agricultura y Ganadería;Diseño Gráfico e Imprenta;Equip. Eléctrico/Electrónico;Equip. Gimnasios/ Deporte;Equip. Médico/Laboratorio;Equip. Restauracion/Catering;Equip. y Material tiendas;Equip. y Material Oficinas;Maquinaria Industrial;Material/Utillaje Construcción;Metalurgia y Manufactura;Paquetería y Envíos;Otros Equipamientos
Imagen y sonido;iPods y reproductores MP3;Accesorios iPod y MP3;Auriculares;Reproductor portát./CDs/radios;Equipos Home Audio y HiFi;Equipos de DJ y espectáculos;Televisores;Dispositivos electrónicos;DVD, Blu-ray y Home Cinema;Recepción y decodificadores TV;Accesorios TV y Home Audio;Repuestos para TV y Home Audio;Baterías multiuso/electricidad;Manuales y documentación;Vintage;Otros
Informática y tablets;Tablets e eBooks;Accesorios, tablets e eBooks;Artículos de oficina;Portátiles y Netbooks;Ordenadores de sobremesa;Accesorios para ordenadores;Cables y conectores;Componentes/piezas ordenador;Unidades de almacenamiento;Redes de empresa y servidores;Conexión de redes;Teclados, ratones y punteros;Monitores/proyectores/accesor.;Protección/distrib./electricid;Impresoras y escáneres;Software;Manuales y recursos;Informática vintage;Otros
Instrumentos musicales;Accesorios y equipos;Acordeón y concertina;Armónicas;Guitarras y Bajos;Instrumentos de cuerda;Instrumentos de viento madera;Instrumentos de viento metal;Percusión y baterías;Sonido profesional;Teclados y pianos;Cursos, métodos de aprendizaje;Partituras y libros de música;Otros
Juguetes;Camiones;Catálogos de Juguetes;Coches de Metal;Coches de Plástico;Figuras de acción;Juegos de mesa;Juegos de Rol y Estrategia;Juegos al aire libre;Juegos Educativos;Juguetes Antiguos;Juguetes de Cine y TV;Lego;Marionetas;Modelismo;Muñecas;Peluche;Playmobil y Airgamboys;Radiocontrol;Slot Cars;Star Wars;Tente;Trenes en miniatura. Escala HO;Trenes en miniatura. Escala N;Trenes. Otras Escalas;Otros
Monedas y Billetes;Billetes españoles;Billetes extranjeros;Euro;Lingotes;Monedas antiguas;Monedas españolas;Monedas extranjeras;Mundial de fútbol;Monedas virtuales;Catálogos y accesorios
Móviles y telefonía;Móviles libres;Móviles con contrato;Móviles de prepago;Accesorios para móviles y PDAs;Teléfonos fijos y accesorios;PDAs;Piezas/repuestos/herramientas;Tonos, logos y software;Tarjetas y lectores SIM;Relojes inteligentes;Equipos de radio;Móviles ficticios de expositor;Teléfonos vintage;Otros
Música, CD y Vinilos;CDs;Cintas, cassettes;Conciertos en DVD;Descargas digitales de música;Vinilos;Coleccionismo musical;Ropa y merchandising;Lotes de música, CD y vinilos;Otros
Relojes y Joyas;Bisutería;Cuentas sueltas;Diamantes y gemas sueltas;Joyas para el cuerpo;Joyería;Joyería Artesanal;Joyería para hombre;Joyeros y material joyería;Relojes;Vintage y joyería antigua;Otros
Ropa, Calzado y Complementos;Botas de montaña;Botas;Pantalones;Cazadoras;Abrigos;Chubasqueros;Bodas y ceremonias;Bolsos de mujer;Calzado de hombre;Calzado de mujer;Complementos de hombre;Complementos de mujer;Disfraces y ropa de época;Ropa de danza y complementos;Ropa de hombre;Ropa de mujer;Ropa de Trabajo;Ropa niños, calzado y complem.;Ropa tradicional y del mundo;Ropa y complementos vintage;Insignias scout;Polos manga larga scout;Polos manga corta scout;Potos;Platos y cubiertos;Capas;Linternas;Navajas y herramientas;Sacos de dormir;Polares;Tiendas de campaña;Gorros;Pañoletas scout;Esterillas;Colchonetas;Guantes;Otros
Sellos;España;África;Asia;Europa;Oceania;Resto de América;USA;Sellos Mundial;Temáticos;Material Filatélico;Otros
Vehículos: accesor. y recamb.;Coches: recambios;Coches: tuning y styling;Coches: ruedas y neumáticos;Coches: accesorios;Motos: recambios;Motos: tuning y styling;Motos de colección:acc. y rec.;Scooters: recamb. y accesor.;Motos: ruedas y neumáticos;Motos: accesorios;Revistas, Manuales, Catálogos;Vestimenta y Protección;Garaje: equipos y herramientas;Aceites, líquidos y lubricant.;Coche: Hi-Fi, GPS y tecnología;Vehíc. Comerc.: recamb. y acc.;Trial y Motocross: acc. y rec.;Quads y Karting: acc. y recam.;Barcos: accesorios y recambios;Aviones: accesor. y recambios;Automobilia, coleccionistas;Coches de época: piezas
Viajes;Actividades;Alquiler de coches;Cruceros;Equipaje y accesorios de viaje;Hoteles;Paquetes vacacionales;Tren y autobús;Turismo rural;Vuelos;Otro